{
  "task_id": "f23538ce-bdd9-4e72-93f9-b417c771cabf",
  "status": "completed",
  "priority": 2,
  "created_at": "2025-08-18T14:15:26.728799",
  "updated_at": "2025-08-18T14:20:13.319840",
  "started_at": null,
  "completed_at": "2025-08-18T14:20:13.319840",
  "files": [
    {
      "file_uuid": "78a1ace3-ab7a-4a8a-9b65-03e45a718b24",
      "original_filename": "2025年7月份工业生产者出厂价格环比降幅收窄.docx",
      "file_path": "uploads\\f23538ce-bdd9-4e72-93f9-b417c771cabf\\78a1ace3-ab7a-4a8a-9b65-03e45a718b24.docx",
      "file_size": 499259,
      "status": "success",
      "uploaded_at": "1755497726.7758493"
    }
  ],
  "file_count": 1,
  "successful_uploads": 1,
  "failed_uploads": 0,
  "total_size": 499259,
  "error_message": null,
  "metadata": {},
  "retry_count": 0,
  "max_retries": 3,
  "sections": {
    "upload_file_json": {},
    "process_json": {
      "read_files": 1,
      "chunks_meta": {
        "merged_count": 2,
        "per_file": [
          {
            "file_path": "uploads\\f23538ce-bdd9-4e72-93f9-b417c771cabf\\78a1ace3-ab7a-4a8a-9b65-03e45a718b24.docx",
            "count": 2
          }
        ]
      },
      "summary_meta": {
        "length": 239,
        "paragraphs": 5,
        "top_k": 5
      },
      "result": {
        "url": null,
        "data": {
          "text": "# 2025年7月份工业生产者出厂价格环比降幅收窄\n\n　　2025年7月份，全国工业生产者出厂价格环比下降0.2%，工业生产者购进价格环比下降0.3%，降幅比上月分别收窄0.2个和0.4个百分点。工业生产者出厂价格同比下降3.6%，工业生产者购进价格同比下降4.5%。1—7月平均，工业生产者出厂价格比上年同期下降2.9%，工业生产者购进价格下降3.2%。\n\n![](data:image/png;base64...)\n\n![](data:image/png;base64...)\n\n**一、工业生产者价格同比变动情况**\n\n　　7月份，工业生产者出厂价格中，生产资料价格下降4.3%，影响工业生产者出厂价格总水平下降约3.20个百分点。其中，采掘工业价格下降14.0%，原材料工业价格下降5.4%，加工工业价格下降3.1%。生活资料价格下降1.6%，影响工业生产者出厂价格总水平下降约0.42个百分点。其中，食品价格下降1.8%，衣着价格下降0.1%，一般日用品价格上涨0.6%，耐用消费品价格下降3.5%。\n\n![](data:image/png;base64...)\n\n![](data:image/png;base64...)\n\n　　工业生产者购进价格中，燃料动力类价格下降10.8%，黑色金属材料类价格下降8.0%，化工原料类价格下降6.5%，农副产品类价格下降4.6%，建筑材料及非金属类价格下降3.8%，纺织原料类价格下降2.5%；有色金属材料及电线类价格上涨2.8%。\n\n**二、工业生产者价格环比变动情况**\n\n　　7月份，工业生产者出厂价格中，生产资料价格下降0.2%，影响工业生产者出厂价格总水平下降约0.17个百分点。其中，采掘工业价格下降0.2%，原材料工业价格下降0.1%，加工工业价格下降0.3%。生活资料价格下降0.2%，影响工业生产者出厂价格总水平下降约0.06个百分点。其中，食品价格持平，衣着价格下降0.1%，一般日用品价格下降0.2%，耐用消费品价格下降0.6%。\n\n　　工业生产者购进价格中，建筑材料及非金属类价格下降1.4%，黑色金属材料类价格下降0.7%，燃料动力类价格下降0.6%，化工原料类价格下降0.5%，纺织原料类价格下降0.1%；农副产品类价格持平；有色金属材料及电线类价格上涨0.7%。\n\n**2025年7月工业生产者价格主要数据**\n\n|  |  |  |  |\n| --- | --- | --- | --- |\n|  | 环比涨跌幅  （%） | 同比涨跌幅 （%） | 1—7月  同比涨跌幅（%） |\n| **一、工业生产者出厂价格** | **-0.2** | **-3.6** | **-2.9** |\n| 生产资料 | -0.2 | -4.3 | -3.4 |\n| 采掘 | -0.2 | -14.0 | -9.7 |\n| 原材料 | -0.1 | -5.4 | -3.7 |\n| 加工 | -0.3 | -3.1 | -2.8 |\n| 生活资料 | -0.2 | -1.6 | -1.4 |\n| 食品 | 0.0 | -1.8 | -1.6 |\n| 衣着 | -0.1 | -0.1 | -0.1 |\n| 一般日用品 | -0.2 | 0.6 | 0.7 |\n| 耐用消费品 | -0.6 | -3.5 | -3.1 |\n| **二、工业生产者购进价格** | **-0.3** | **-4.5** | **-3.2** |\n| 燃料、动力类 | -0.6 | -10.8 | -7.9 |\n| 黑色金属材料类 | -0.7 | -8.0 | -7.9 |\n| 有色金属材料及电线类 | 0.7 | 2.8 | 7.2 |\n| 化工原料类 | -0.5 | -6.5 | -4.8 |\n| 木材及纸浆类 | -0.3 | -4.1 | -3.3 |\n| 建筑材料及非金属类 | -1.4 | -3.8 | -2.2 |\n| 其他工业原材料及半成品类 | -0.2 | -2.0 | -1.7 |\n| 农副产品类 | 0.0 | -4.6 | -3.4 |\n| 纺织原料类 | -0.1 | -2.5 | -2.1 |\n| **三、主要行业出厂价格** |  |  |  |\n| 煤炭开采和洗选业 | -1.5 | -23.0 | -16.5 |\n| 石油和天然气开采业 | 3.0 | -12.6 | -10.1 |\n| 黑色金属矿采选业 | -1.1 | -9.1 | -10.0 |\n| 有色金属矿采选业 | 0.7 | 11.1 | 16.7 |\n| 非金属矿采选业 | -0.8 | -2.1 | -0.7 |\n| 农副食品加工业 | 0.1 | -3.3 | -3.5 |\n| 食品制造业 | 0.0 | -1.1 | -1.3 |\n| 酒、饮料和精制茶制造业 | 0.2 | -0.2 | -0.8 |\n| 烟草制品业 | 0.0 | 0.4 | 0.5 |\n| 纺织业 | -0.2 | -2.7 | -2.4 |\n| 纺织服装、服饰业 | -0.1 | -0.3 | -0.2 |\n| 木材加工和木、竹、藤、棕、草制品业 | -0.4 | -3.5 | -2.7 |\n| 造纸和纸制品业 | -0.5 | -3.5 | -3.2 |\n| 印刷和记录媒介复制业 | -0.2 | -1.6 | -1.5 |\n| 石油、煤炭及其他燃料加工业 | 1.2 | -12.8 | -10.3 |\n| 化学原料和化学制品制造业 | -0.7 | -6.5 | -4.7 |\n| 医药制造业 | -0.5 | -2.4 | -1.6 |\n| 化学纤维制造业 | -0.7 | -8.9 | -6.1 |\n| 橡胶和塑料制品业 | -0.4 | -2.5 | -1.8 |\n| 非金属矿物制品业 | -1.4 | -5.0 | -3.5 |\n| 黑色金属冶炼和压延加工业 | -0.3 | -10.0 | -10.2 |\n| 有色金属冶炼和压延加工业 | 0.8 | 2.2 | 5.6 |\n| 金属制品业 | -0.1 | -2.7 | -2.3 |\n| 通用设备制造业 | -0.2 | -1.6 | -1.4 |\n| 汽车制造业 | -0.3 | -2.7 | -3.0 |\n| 铁路、船舶、航空航天和其他运输设备制造业 | 0.0 | -0.3 | 0.0 |\n| 计算机、通信和其他电子设备制造业 | -0.4 | -2.4 | -2.2 |\n| 电力、热力生产和供应业 | -0.9 | -1.7 | -1.5 |\n| 燃气生产和供应业 | -0.3 | -0.1 | -0.8 |\n| 水的生产和供应业 | 0.6 | 1.7 | 1.1 |",
          "chunking": {
            "chunks": [
              "# 2025年7月份工业生产者出厂价格环比降幅收窄\n\n2025年7月份，全国工业生产者出厂价格环比下降0.2%，工业生产者购进价格环比下降0.3%，降幅比上月分别收窄0.2个和0.4个百分点。工业生产者出厂价格同比下降3.6%，工业生产者购进价格同比下降4.5%。1—7月平均，工业生产者出厂价格比上年同期下降2.9%，工业生产者购进价格下降3.2%。\n\n![](data:image/png;base64...)\n\n![](data:image/png;base64...)\n\n**一、工业生产者价格同比变动情况**\n\n7月份，工业生产者出厂价格中，生产资料价格下降4.3%，影响工业生产者出厂价格总水平下降约3.20个百分点。其中，采掘工业价格下降14.0%，原材料工业价格下降5.4%，加工工业价格下降3.1%。生活资料价格下降1.6%，影响工业生产者出厂价格总水平下降约0.42个百分点。其中，食品价格下降1.8%，衣着价格下降0.1%，一般日用品价格上涨0.6%，耐用消费品价格下降3.5%。\n\n![](data:image/png;base64...)\n\n![](data:image/png;base64...)\n\n工业生产者购进价格中，燃料动力类价格下降10.8%，黑色金属材料类价格下降8.0%，化工原料类价格下降6.5%，农副产品类价格下降4.6%，建筑材料及非金属类价格下降3.8%，纺织原料类价格下降2.5%；有色金属材料及电线类价格上涨2.8%。\n\n**二、工业生产者价格环比变动情况**\n\n7月份，工业生产者出厂价格中，生产资料价格下降0.2%，影响工业生产者出厂价格总水平下降约0.17个百分点。其中，采掘工业价格下降0.2%，原材料工业价格下降0.1%，加工工业价格下降0.3%。生活资料价格下降0.2%，影响工业生产者出厂价格总水平下降约0.06个百分点。其中，食品价格持平，衣着价格下降0.1%，一般日用品价格下降0.2%，耐用消费品价格下降0.6%。\n\n工业生产者购进价格中，建筑材料及非金属类价格下降1.4%，黑色金属材料类价格下降0.7%，燃料动力类价格下降0.6%，化工原料类价格下降0.5%，纺织原料类价格下降0.1%；农副产品类价格持平；有色金属材料及电线类价格上涨0.7%。\n\n**2025年7月工业生产者价格主要数据**",
              "|  |  |  |  |\n| --- | --- | --- | --- |\n|  | 环比涨跌幅  （%） | 同比涨跌幅 （%） | 1—7月  同比涨跌幅（%） |\n| **一、工业生产者出厂价格** | **-0.2** | **-3.6** | **-2.9** |\n| 生产资料 | -0.2 | -4.3 | -3.4 |\n| 采掘 | -0.2 | -14.0 | -9.7 |\n| 原材料 | -0.1 | -5.4 | -3.7 |\n| 加工 | -0.3 | -3.1 | -2.8 |\n| 生活资料 | -0.2 | -1.6 | -1.4 |\n| 食品 | 0.0 | -1.8 | -1.6 |\n| 衣着 | -0.1 | -0.1 | -0.1 |\n| 一般日用品 | -0.2 | 0.6 | 0.7 |\n| 耐用消费品 | -0.6 | -3.5 | -3.1 |\n| **二、工业生产者购进价格** | **-0.3** | **-4.5** | **-3.2** |\n| 燃料、动力类 | -0.6 | -10.8 | -7.9 |\n| 黑色金属材料类 | -0.7 | -8.0 | -7.9 |\n| 有色金属材料及电线类 | 0.7 | 2.8 | 7.2 |\n| 化工原料类 | -0.5 | -6.5 | -4.8 |\n| 木材及纸浆类 | -0.3 | -4.1 | -3.3 |\n| 建筑材料及非金属类 | -1.4 | -3.8 | -2.2 |\n| 其他工业原材料及半成品类 | -0.2 | -2.0 | -1.7 |\n| 农副产品类 | 0.0 | -4.6 | -3.4 |\n| 纺织原料类 | -0.1 | -2.5 | -2.1 |\n| **三、主要行业出厂价格** |  |  |  |\n| 煤炭开采和洗选业 | -1.5 | -23.0 | -16.5 |\n| 石油和天然气开采业 | 3.0 | -12.6 | -10.1 |\n| 黑色金属矿采选业 | -1.1 | -9.1 | -10.0 |\n| 有色金属矿采选业 | 0.7 | 11.1 | 16.7 |\n| 非金属矿采选业 | -0.8 | -2.1 | -0.7 |\n| 农副食品加工业 | 0.1 | -3.3 | -3.5 |\n| 食品制造业 | 0.0 | -1.1 | -1.3 |\n| 酒、饮料和精制茶制造业 | 0.2 | -0.2 | -0.8 |\n| 烟草制品业 | 0.0 | 0.4 | 0.5 |\n| 纺织业 | -0.2 | -2.7 | -2.4 |\n| 纺织服装、服饰业 | -0.1 | -0.3 | -0.2 |\n| 木材加工和木、竹、藤、棕、草制品业 | -0.4 | -3.5 | -2.7 |\n| 造纸和纸制品业 | -0.5 | -3.5 | -3.2 |\n| 印刷和记录媒介复制业 | -0.2 | -1.6 | -1.5 |\n| 石油、煤炭及其他燃料加工业 | 1.2 | -12.8 | -10.3 |\n| 化学原料和化学制品制造业 | -0.7 | -6.5 | -4.7 |\n| 医药制造业 | -0.5 | -2.4 | -1.6 |\n| 化学纤维制造业 | -0.7 | -8.9 | -6.1 |\n| 橡胶和塑料制品业 | -0.4 | -2.5 | -1.8 |\n| 非金属矿物制品业 | -1.4 | -5.0 | -3.5 |\n| 黑色金属冶炼和压延加工业 | -0.3 | -10.0 | -10.2 |\n| 有色金属冶炼和压延加工业 | 0.8 | 2.2 | 5.6 |\n| 金属制品业 | -0.1 | -2.7 | -2.3 |\n| 通用设备制造业 | -0.2 | -1.6 | -1.4 |\n| 汽车制造业 | -0.3 | -2.7 | -3.0 |\n| 铁路、船舶、航空航天和其他运输设备制造业 | 0.0 | -0.3 | 0.0 |\n| 计算机、通信和其他电子设备制造业 | -0.4 | -2.4 | -2.2 |\n| 电力、热力生产和供应业 | -0.9 | -1.7 | -1.5 |\n| 燃气生产和供应业 | -0.3 | -0.1 | -0.8 |\n| 水的生产和供应业 | 0.6 | 1.7 | 1.1 |"
            ],
            "derivatives": [],
            "per_file": [
              {
                "file_path": "uploads\\f23538ce-bdd9-4e72-93f9-b417c771cabf\\78a1ace3-ab7a-4a8a-9b65-03e45a718b24.docx",
                "count": 2,
                "chunks": [
                  "# 2025年7月份工业生产者出厂价格环比降幅收窄\n\n2025年7月份，全国工业生产者出厂价格环比下降0.2%，工业生产者购进价格环比下降0.3%，降幅比上月分别收窄0.2个和0.4个百分点。工业生产者出厂价格同比下降3.6%，工业生产者购进价格同比下降4.5%。1—7月平均，工业生产者出厂价格比上年同期下降2.9%，工业生产者购进价格下降3.2%。\n\n![](data:image/png;base64...)\n\n![](data:image/png;base64...)\n\n**一、工业生产者价格同比变动情况**\n\n7月份，工业生产者出厂价格中，生产资料价格下降4.3%，影响工业生产者出厂价格总水平下降约3.20个百分点。其中，采掘工业价格下降14.0%，原材料工业价格下降5.4%，加工工业价格下降3.1%。生活资料价格下降1.6%，影响工业生产者出厂价格总水平下降约0.42个百分点。其中，食品价格下降1.8%，衣着价格下降0.1%，一般日用品价格上涨0.6%，耐用消费品价格下降3.5%。\n\n![](data:image/png;base64...)\n\n![](data:image/png;base64...)\n\n工业生产者购进价格中，燃料动力类价格下降10.8%，黑色金属材料类价格下降8.0%，化工原料类价格下降6.5%，农副产品类价格下降4.6%，建筑材料及非金属类价格下降3.8%，纺织原料类价格下降2.5%；有色金属材料及电线类价格上涨2.8%。\n\n**二、工业生产者价格环比变动情况**\n\n7月份，工业生产者出厂价格中，生产资料价格下降0.2%，影响工业生产者出厂价格总水平下降约0.17个百分点。其中，采掘工业价格下降0.2%，原材料工业价格下降0.1%，加工工业价格下降0.3%。生活资料价格下降0.2%，影响工业生产者出厂价格总水平下降约0.06个百分点。其中，食品价格持平，衣着价格下降0.1%，一般日用品价格下降0.2%，耐用消费品价格下降0.6%。\n\n工业生产者购进价格中，建筑材料及非金属类价格下降1.4%，黑色金属材料类价格下降0.7%，燃料动力类价格下降0.6%，化工原料类价格下降0.5%，纺织原料类价格下降0.1%；农副产品类价格持平；有色金属材料及电线类价格上涨0.7%。\n\n**2025年7月工业生产者价格主要数据**",
                  "|  |  |  |  |\n| --- | --- | --- | --- |\n|  | 环比涨跌幅  （%） | 同比涨跌幅 （%） | 1—7月  同比涨跌幅（%） |\n| **一、工业生产者出厂价格** | **-0.2** | **-3.6** | **-2.9** |\n| 生产资料 | -0.2 | -4.3 | -3.4 |\n| 采掘 | -0.2 | -14.0 | -9.7 |\n| 原材料 | -0.1 | -5.4 | -3.7 |\n| 加工 | -0.3 | -3.1 | -2.8 |\n| 生活资料 | -0.2 | -1.6 | -1.4 |\n| 食品 | 0.0 | -1.8 | -1.6 |\n| 衣着 | -0.1 | -0.1 | -0.1 |\n| 一般日用品 | -0.2 | 0.6 | 0.7 |\n| 耐用消费品 | -0.6 | -3.5 | -3.1 |\n| **二、工业生产者购进价格** | **-0.3** | **-4.5** | **-3.2** |\n| 燃料、动力类 | -0.6 | -10.8 | -7.9 |\n| 黑色金属材料类 | -0.7 | -8.0 | -7.9 |\n| 有色金属材料及电线类 | 0.7 | 2.8 | 7.2 |\n| 化工原料类 | -0.5 | -6.5 | -4.8 |\n| 木材及纸浆类 | -0.3 | -4.1 | -3.3 |\n| 建筑材料及非金属类 | -1.4 | -3.8 | -2.2 |\n| 其他工业原材料及半成品类 | -0.2 | -2.0 | -1.7 |\n| 农副产品类 | 0.0 | -4.6 | -3.4 |\n| 纺织原料类 | -0.1 | -2.5 | -2.1 |\n| **三、主要行业出厂价格** |  |  |  |\n| 煤炭开采和洗选业 | -1.5 | -23.0 | -16.5 |\n| 石油和天然气开采业 | 3.0 | -12.6 | -10.1 |\n| 黑色金属矿采选业 | -1.1 | -9.1 | -10.0 |\n| 有色金属矿采选业 | 0.7 | 11.1 | 16.7 |\n| 非金属矿采选业 | -0.8 | -2.1 | -0.7 |\n| 农副食品加工业 | 0.1 | -3.3 | -3.5 |\n| 食品制造业 | 0.0 | -1.1 | -1.3 |\n| 酒、饮料和精制茶制造业 | 0.2 | -0.2 | -0.8 |\n| 烟草制品业 | 0.0 | 0.4 | 0.5 |\n| 纺织业 | -0.2 | -2.7 | -2.4 |\n| 纺织服装、服饰业 | -0.1 | -0.3 | -0.2 |\n| 木材加工和木、竹、藤、棕、草制品业 | -0.4 | -3.5 | -2.7 |\n| 造纸和纸制品业 | -0.5 | -3.5 | -3.2 |\n| 印刷和记录媒介复制业 | -0.2 | -1.6 | -1.5 |\n| 石油、煤炭及其他燃料加工业 | 1.2 | -12.8 | -10.3 |\n| 化学原料和化学制品制造业 | -0.7 | -6.5 | -4.7 |\n| 医药制造业 | -0.5 | -2.4 | -1.6 |\n| 化学纤维制造业 | -0.7 | -8.9 | -6.1 |\n| 橡胶和塑料制品业 | -0.4 | -2.5 | -1.8 |\n| 非金属矿物制品业 | -1.4 | -5.0 | -3.5 |\n| 黑色金属冶炼和压延加工业 | -0.3 | -10.0 | -10.2 |\n| 有色金属冶炼和压延加工业 | 0.8 | 2.2 | 5.6 |\n| 金属制品业 | -0.1 | -2.7 | -2.3 |\n| 通用设备制造业 | -0.2 | -1.6 | -1.4 |\n| 汽车制造业 | -0.3 | -2.7 | -3.0 |\n| 铁路、船舶、航空航天和其他运输设备制造业 | 0.0 | -0.3 | 0.0 |\n| 计算机、通信和其他电子设备制造业 | -0.4 | -2.4 | -2.2 |\n| 电力、热力生产和供应业 | -0.9 | -1.7 | -1.5 |\n| 燃气生产和供应业 | -0.3 | -0.1 | -0.8 |\n| 水的生产和供应业 | 0.6 | 1.7 | 1.1 |"
                ],
                "derivatives": []
              }
            ]
          },
          "summary": {
            "summary": "- 2025年7月，全国工业生产者出厂价格环比下降0.2%，购进价格环比下降0.3%，降幅较上月收窄。\n- 工业生产者出厂价格同比降幅为3.6%，购进价格同比降幅为4.5%，生产资料价格降幅大于生活资料。\n- 主要行业中，石油和天然气开采业、有色金属矿采选业价格同比上涨，煤炭开采业价格降幅显著。\n- 工业生产者购进价格中，燃料动力类、黑色金属材料类降幅较大，而有色金属材料及电线类价格上涨。\n- 建议关注能源与原材料价格走势，把握部分行业价格回升趋势，优化工业结构与成本控制。",
            "summary_dict": {
              "p1": "2025年7月，全国工业生产者出厂价格环比下降0.2%，购进价格环比下降0.3%，降幅较上月收窄。",
              "p2": "工业生产者出厂价格同比降幅为3.6%，购进价格同比降幅为4.5%，生产资料价格降幅大于生活资料。",
              "p3": "主要行业中，石油和天然气开采业、有色金属矿采选业价格同比上涨，煤炭开采业价格降幅显著。",
              "p4": "工业生产者购进价格中，燃料动力类、黑色金属材料类降幅较大，而有色金属材料及电线类价格上涨。",
              "p5": "建议关注能源与原材料价格走势，把握部分行业价格回升趋势，优化工业结构与成本控制。"
            }
          }
        }
      }
    }
  },
  "result": {
    "url": null,
    "data": {
      "text": "# 2025年7月份工业生产者出厂价格环比降幅收窄\n\n　　2025年7月份，全国工业生产者出厂价格环比下降0.2%，工业生产者购进价格环比下降0.3%，降幅比上月分别收窄0.2个和0.4个百分点。工业生产者出厂价格同比下降3.6%，工业生产者购进价格同比下降4.5%。1—7月平均，工业生产者出厂价格比上年同期下降2.9%，工业生产者购进价格下降3.2%。\n\n![](data:image/png;base64...)\n\n![](data:image/png;base64...)\n\n**一、工业生产者价格同比变动情况**\n\n　　7月份，工业生产者出厂价格中，生产资料价格下降4.3%，影响工业生产者出厂价格总水平下降约3.20个百分点。其中，采掘工业价格下降14.0%，原材料工业价格下降5.4%，加工工业价格下降3.1%。生活资料价格下降1.6%，影响工业生产者出厂价格总水平下降约0.42个百分点。其中，食品价格下降1.8%，衣着价格下降0.1%，一般日用品价格上涨0.6%，耐用消费品价格下降3.5%。\n\n![](data:image/png;base64...)\n\n![](data:image/png;base64...)\n\n　　工业生产者购进价格中，燃料动力类价格下降10.8%，黑色金属材料类价格下降8.0%，化工原料类价格下降6.5%，农副产品类价格下降4.6%，建筑材料及非金属类价格下降3.8%，纺织原料类价格下降2.5%；有色金属材料及电线类价格上涨2.8%。\n\n**二、工业生产者价格环比变动情况**\n\n　　7月份，工业生产者出厂价格中，生产资料价格下降0.2%，影响工业生产者出厂价格总水平下降约0.17个百分点。其中，采掘工业价格下降0.2%，原材料工业价格下降0.1%，加工工业价格下降0.3%。生活资料价格下降0.2%，影响工业生产者出厂价格总水平下降约0.06个百分点。其中，食品价格持平，衣着价格下降0.1%，一般日用品价格下降0.2%，耐用消费品价格下降0.6%。\n\n　　工业生产者购进价格中，建筑材料及非金属类价格下降1.4%，黑色金属材料类价格下降0.7%，燃料动力类价格下降0.6%，化工原料类价格下降0.5%，纺织原料类价格下降0.1%；农副产品类价格持平；有色金属材料及电线类价格上涨0.7%。\n\n**2025年7月工业生产者价格主要数据**\n\n|  |  |  |  |\n| --- | --- | --- | --- |\n|  | 环比涨跌幅  （%） | 同比涨跌幅 （%） | 1—7月  同比涨跌幅（%） |\n| **一、工业生产者出厂价格** | **-0.2** | **-3.6** | **-2.9** |\n| 生产资料 | -0.2 | -4.3 | -3.4 |\n| 采掘 | -0.2 | -14.0 | -9.7 |\n| 原材料 | -0.1 | -5.4 | -3.7 |\n| 加工 | -0.3 | -3.1 | -2.8 |\n| 生活资料 | -0.2 | -1.6 | -1.4 |\n| 食品 | 0.0 | -1.8 | -1.6 |\n| 衣着 | -0.1 | -0.1 | -0.1 |\n| 一般日用品 | -0.2 | 0.6 | 0.7 |\n| 耐用消费品 | -0.6 | -3.5 | -3.1 |\n| **二、工业生产者购进价格** | **-0.3** | **-4.5** | **-3.2** |\n| 燃料、动力类 | -0.6 | -10.8 | -7.9 |\n| 黑色金属材料类 | -0.7 | -8.0 | -7.9 |\n| 有色金属材料及电线类 | 0.7 | 2.8 | 7.2 |\n| 化工原料类 | -0.5 | -6.5 | -4.8 |\n| 木材及纸浆类 | -0.3 | -4.1 | -3.3 |\n| 建筑材料及非金属类 | -1.4 | -3.8 | -2.2 |\n| 其他工业原材料及半成品类 | -0.2 | -2.0 | -1.7 |\n| 农副产品类 | 0.0 | -4.6 | -3.4 |\n| 纺织原料类 | -0.1 | -2.5 | -2.1 |\n| **三、主要行业出厂价格** |  |  |  |\n| 煤炭开采和洗选业 | -1.5 | -23.0 | -16.5 |\n| 石油和天然气开采业 | 3.0 | -12.6 | -10.1 |\n| 黑色金属矿采选业 | -1.1 | -9.1 | -10.0 |\n| 有色金属矿采选业 | 0.7 | 11.1 | 16.7 |\n| 非金属矿采选业 | -0.8 | -2.1 | -0.7 |\n| 农副食品加工业 | 0.1 | -3.3 | -3.5 |\n| 食品制造业 | 0.0 | -1.1 | -1.3 |\n| 酒、饮料和精制茶制造业 | 0.2 | -0.2 | -0.8 |\n| 烟草制品业 | 0.0 | 0.4 | 0.5 |\n| 纺织业 | -0.2 | -2.7 | -2.4 |\n| 纺织服装、服饰业 | -0.1 | -0.3 | -0.2 |\n| 木材加工和木、竹、藤、棕、草制品业 | -0.4 | -3.5 | -2.7 |\n| 造纸和纸制品业 | -0.5 | -3.5 | -3.2 |\n| 印刷和记录媒介复制业 | -0.2 | -1.6 | -1.5 |\n| 石油、煤炭及其他燃料加工业 | 1.2 | -12.8 | -10.3 |\n| 化学原料和化学制品制造业 | -0.7 | -6.5 | -4.7 |\n| 医药制造业 | -0.5 | -2.4 | -1.6 |\n| 化学纤维制造业 | -0.7 | -8.9 | -6.1 |\n| 橡胶和塑料制品业 | -0.4 | -2.5 | -1.8 |\n| 非金属矿物制品业 | -1.4 | -5.0 | -3.5 |\n| 黑色金属冶炼和压延加工业 | -0.3 | -10.0 | -10.2 |\n| 有色金属冶炼和压延加工业 | 0.8 | 2.2 | 5.6 |\n| 金属制品业 | -0.1 | -2.7 | -2.3 |\n| 通用设备制造业 | -0.2 | -1.6 | -1.4 |\n| 汽车制造业 | -0.3 | -2.7 | -3.0 |\n| 铁路、船舶、航空航天和其他运输设备制造业 | 0.0 | -0.3 | 0.0 |\n| 计算机、通信和其他电子设备制造业 | -0.4 | -2.4 | -2.2 |\n| 电力、热力生产和供应业 | -0.9 | -1.7 | -1.5 |\n| 燃气生产和供应业 | -0.3 | -0.1 | -0.8 |\n| 水的生产和供应业 | 0.6 | 1.7 | 1.1 |",
      "chunking": {
        "chunks": [
          "# 2025年7月份工业生产者出厂价格环比降幅收窄\n\n2025年7月份，全国工业生产者出厂价格环比下降0.2%，工业生产者购进价格环比下降0.3%，降幅比上月分别收窄0.2个和0.4个百分点。工业生产者出厂价格同比下降3.6%，工业生产者购进价格同比下降4.5%。1—7月平均，工业生产者出厂价格比上年同期下降2.9%，工业生产者购进价格下降3.2%。\n\n![](data:image/png;base64...)\n\n![](data:image/png;base64...)\n\n**一、工业生产者价格同比变动情况**\n\n7月份，工业生产者出厂价格中，生产资料价格下降4.3%，影响工业生产者出厂价格总水平下降约3.20个百分点。其中，采掘工业价格下降14.0%，原材料工业价格下降5.4%，加工工业价格下降3.1%。生活资料价格下降1.6%，影响工业生产者出厂价格总水平下降约0.42个百分点。其中，食品价格下降1.8%，衣着价格下降0.1%，一般日用品价格上涨0.6%，耐用消费品价格下降3.5%。\n\n![](data:image/png;base64...)\n\n![](data:image/png;base64...)\n\n工业生产者购进价格中，燃料动力类价格下降10.8%，黑色金属材料类价格下降8.0%，化工原料类价格下降6.5%，农副产品类价格下降4.6%，建筑材料及非金属类价格下降3.8%，纺织原料类价格下降2.5%；有色金属材料及电线类价格上涨2.8%。\n\n**二、工业生产者价格环比变动情况**\n\n7月份，工业生产者出厂价格中，生产资料价格下降0.2%，影响工业生产者出厂价格总水平下降约0.17个百分点。其中，采掘工业价格下降0.2%，原材料工业价格下降0.1%，加工工业价格下降0.3%。生活资料价格下降0.2%，影响工业生产者出厂价格总水平下降约0.06个百分点。其中，食品价格持平，衣着价格下降0.1%，一般日用品价格下降0.2%，耐用消费品价格下降0.6%。\n\n工业生产者购进价格中，建筑材料及非金属类价格下降1.4%，黑色金属材料类价格下降0.7%，燃料动力类价格下降0.6%，化工原料类价格下降0.5%，纺织原料类价格下降0.1%；农副产品类价格持平；有色金属材料及电线类价格上涨0.7%。\n\n**2025年7月工业生产者价格主要数据**",
          "|  |  |  |  |\n| --- | --- | --- | --- |\n|  | 环比涨跌幅  （%） | 同比涨跌幅 （%） | 1—7月  同比涨跌幅（%） |\n| **一、工业生产者出厂价格** | **-0.2** | **-3.6** | **-2.9** |\n| 生产资料 | -0.2 | -4.3 | -3.4 |\n| 采掘 | -0.2 | -14.0 | -9.7 |\n| 原材料 | -0.1 | -5.4 | -3.7 |\n| 加工 | -0.3 | -3.1 | -2.8 |\n| 生活资料 | -0.2 | -1.6 | -1.4 |\n| 食品 | 0.0 | -1.8 | -1.6 |\n| 衣着 | -0.1 | -0.1 | -0.1 |\n| 一般日用品 | -0.2 | 0.6 | 0.7 |\n| 耐用消费品 | -0.6 | -3.5 | -3.1 |\n| **二、工业生产者购进价格** | **-0.3** | **-4.5** | **-3.2** |\n| 燃料、动力类 | -0.6 | -10.8 | -7.9 |\n| 黑色金属材料类 | -0.7 | -8.0 | -7.9 |\n| 有色金属材料及电线类 | 0.7 | 2.8 | 7.2 |\n| 化工原料类 | -0.5 | -6.5 | -4.8 |\n| 木材及纸浆类 | -0.3 | -4.1 | -3.3 |\n| 建筑材料及非金属类 | -1.4 | -3.8 | -2.2 |\n| 其他工业原材料及半成品类 | -0.2 | -2.0 | -1.7 |\n| 农副产品类 | 0.0 | -4.6 | -3.4 |\n| 纺织原料类 | -0.1 | -2.5 | -2.1 |\n| **三、主要行业出厂价格** |  |  |  |\n| 煤炭开采和洗选业 | -1.5 | -23.0 | -16.5 |\n| 石油和天然气开采业 | 3.0 | -12.6 | -10.1 |\n| 黑色金属矿采选业 | -1.1 | -9.1 | -10.0 |\n| 有色金属矿采选业 | 0.7 | 11.1 | 16.7 |\n| 非金属矿采选业 | -0.8 | -2.1 | -0.7 |\n| 农副食品加工业 | 0.1 | -3.3 | -3.5 |\n| 食品制造业 | 0.0 | -1.1 | -1.3 |\n| 酒、饮料和精制茶制造业 | 0.2 | -0.2 | -0.8 |\n| 烟草制品业 | 0.0 | 0.4 | 0.5 |\n| 纺织业 | -0.2 | -2.7 | -2.4 |\n| 纺织服装、服饰业 | -0.1 | -0.3 | -0.2 |\n| 木材加工和木、竹、藤、棕、草制品业 | -0.4 | -3.5 | -2.7 |\n| 造纸和纸制品业 | -0.5 | -3.5 | -3.2 |\n| 印刷和记录媒介复制业 | -0.2 | -1.6 | -1.5 |\n| 石油、煤炭及其他燃料加工业 | 1.2 | -12.8 | -10.3 |\n| 化学原料和化学制品制造业 | -0.7 | -6.5 | -4.7 |\n| 医药制造业 | -0.5 | -2.4 | -1.6 |\n| 化学纤维制造业 | -0.7 | -8.9 | -6.1 |\n| 橡胶和塑料制品业 | -0.4 | -2.5 | -1.8 |\n| 非金属矿物制品业 | -1.4 | -5.0 | -3.5 |\n| 黑色金属冶炼和压延加工业 | -0.3 | -10.0 | -10.2 |\n| 有色金属冶炼和压延加工业 | 0.8 | 2.2 | 5.6 |\n| 金属制品业 | -0.1 | -2.7 | -2.3 |\n| 通用设备制造业 | -0.2 | -1.6 | -1.4 |\n| 汽车制造业 | -0.3 | -2.7 | -3.0 |\n| 铁路、船舶、航空航天和其他运输设备制造业 | 0.0 | -0.3 | 0.0 |\n| 计算机、通信和其他电子设备制造业 | -0.4 | -2.4 | -2.2 |\n| 电力、热力生产和供应业 | -0.9 | -1.7 | -1.5 |\n| 燃气生产和供应业 | -0.3 | -0.1 | -0.8 |\n| 水的生产和供应业 | 0.6 | 1.7 | 1.1 |"
        ],
        "derivatives": [],
        "per_file": [
          {
            "file_path": "uploads\\f23538ce-bdd9-4e72-93f9-b417c771cabf\\78a1ace3-ab7a-4a8a-9b65-03e45a718b24.docx",
            "count": 2,
            "chunks": [
              "# 2025年7月份工业生产者出厂价格环比降幅收窄\n\n2025年7月份，全国工业生产者出厂价格环比下降0.2%，工业生产者购进价格环比下降0.3%，降幅比上月分别收窄0.2个和0.4个百分点。工业生产者出厂价格同比下降3.6%，工业生产者购进价格同比下降4.5%。1—7月平均，工业生产者出厂价格比上年同期下降2.9%，工业生产者购进价格下降3.2%。\n\n![](data:image/png;base64...)\n\n![](data:image/png;base64...)\n\n**一、工业生产者价格同比变动情况**\n\n7月份，工业生产者出厂价格中，生产资料价格下降4.3%，影响工业生产者出厂价格总水平下降约3.20个百分点。其中，采掘工业价格下降14.0%，原材料工业价格下降5.4%，加工工业价格下降3.1%。生活资料价格下降1.6%，影响工业生产者出厂价格总水平下降约0.42个百分点。其中，食品价格下降1.8%，衣着价格下降0.1%，一般日用品价格上涨0.6%，耐用消费品价格下降3.5%。\n\n![](data:image/png;base64...)\n\n![](data:image/png;base64...)\n\n工业生产者购进价格中，燃料动力类价格下降10.8%，黑色金属材料类价格下降8.0%，化工原料类价格下降6.5%，农副产品类价格下降4.6%，建筑材料及非金属类价格下降3.8%，纺织原料类价格下降2.5%；有色金属材料及电线类价格上涨2.8%。\n\n**二、工业生产者价格环比变动情况**\n\n7月份，工业生产者出厂价格中，生产资料价格下降0.2%，影响工业生产者出厂价格总水平下降约0.17个百分点。其中，采掘工业价格下降0.2%，原材料工业价格下降0.1%，加工工业价格下降0.3%。生活资料价格下降0.2%，影响工业生产者出厂价格总水平下降约0.06个百分点。其中，食品价格持平，衣着价格下降0.1%，一般日用品价格下降0.2%，耐用消费品价格下降0.6%。\n\n工业生产者购进价格中，建筑材料及非金属类价格下降1.4%，黑色金属材料类价格下降0.7%，燃料动力类价格下降0.6%，化工原料类价格下降0.5%，纺织原料类价格下降0.1%；农副产品类价格持平；有色金属材料及电线类价格上涨0.7%。\n\n**2025年7月工业生产者价格主要数据**",
              "|  |  |  |  |\n| --- | --- | --- | --- |\n|  | 环比涨跌幅  （%） | 同比涨跌幅 （%） | 1—7月  同比涨跌幅（%） |\n| **一、工业生产者出厂价格** | **-0.2** | **-3.6** | **-2.9** |\n| 生产资料 | -0.2 | -4.3 | -3.4 |\n| 采掘 | -0.2 | -14.0 | -9.7 |\n| 原材料 | -0.1 | -5.4 | -3.7 |\n| 加工 | -0.3 | -3.1 | -2.8 |\n| 生活资料 | -0.2 | -1.6 | -1.4 |\n| 食品 | 0.0 | -1.8 | -1.6 |\n| 衣着 | -0.1 | -0.1 | -0.1 |\n| 一般日用品 | -0.2 | 0.6 | 0.7 |\n| 耐用消费品 | -0.6 | -3.5 | -3.1 |\n| **二、工业生产者购进价格** | **-0.3** | **-4.5** | **-3.2** |\n| 燃料、动力类 | -0.6 | -10.8 | -7.9 |\n| 黑色金属材料类 | -0.7 | -8.0 | -7.9 |\n| 有色金属材料及电线类 | 0.7 | 2.8 | 7.2 |\n| 化工原料类 | -0.5 | -6.5 | -4.8 |\n| 木材及纸浆类 | -0.3 | -4.1 | -3.3 |\n| 建筑材料及非金属类 | -1.4 | -3.8 | -2.2 |\n| 其他工业原材料及半成品类 | -0.2 | -2.0 | -1.7 |\n| 农副产品类 | 0.0 | -4.6 | -3.4 |\n| 纺织原料类 | -0.1 | -2.5 | -2.1 |\n| **三、主要行业出厂价格** |  |  |  |\n| 煤炭开采和洗选业 | -1.5 | -23.0 | -16.5 |\n| 石油和天然气开采业 | 3.0 | -12.6 | -10.1 |\n| 黑色金属矿采选业 | -1.1 | -9.1 | -10.0 |\n| 有色金属矿采选业 | 0.7 | 11.1 | 16.7 |\n| 非金属矿采选业 | -0.8 | -2.1 | -0.7 |\n| 农副食品加工业 | 0.1 | -3.3 | -3.5 |\n| 食品制造业 | 0.0 | -1.1 | -1.3 |\n| 酒、饮料和精制茶制造业 | 0.2 | -0.2 | -0.8 |\n| 烟草制品业 | 0.0 | 0.4 | 0.5 |\n| 纺织业 | -0.2 | -2.7 | -2.4 |\n| 纺织服装、服饰业 | -0.1 | -0.3 | -0.2 |\n| 木材加工和木、竹、藤、棕、草制品业 | -0.4 | -3.5 | -2.7 |\n| 造纸和纸制品业 | -0.5 | -3.5 | -3.2 |\n| 印刷和记录媒介复制业 | -0.2 | -1.6 | -1.5 |\n| 石油、煤炭及其他燃料加工业 | 1.2 | -12.8 | -10.3 |\n| 化学原料和化学制品制造业 | -0.7 | -6.5 | -4.7 |\n| 医药制造业 | -0.5 | -2.4 | -1.6 |\n| 化学纤维制造业 | -0.7 | -8.9 | -6.1 |\n| 橡胶和塑料制品业 | -0.4 | -2.5 | -1.8 |\n| 非金属矿物制品业 | -1.4 | -5.0 | -3.5 |\n| 黑色金属冶炼和压延加工业 | -0.3 | -10.0 | -10.2 |\n| 有色金属冶炼和压延加工业 | 0.8 | 2.2 | 5.6 |\n| 金属制品业 | -0.1 | -2.7 | -2.3 |\n| 通用设备制造业 | -0.2 | -1.6 | -1.4 |\n| 汽车制造业 | -0.3 | -2.7 | -3.0 |\n| 铁路、船舶、航空航天和其他运输设备制造业 | 0.0 | -0.3 | 0.0 |\n| 计算机、通信和其他电子设备制造业 | -0.4 | -2.4 | -2.2 |\n| 电力、热力生产和供应业 | -0.9 | -1.7 | -1.5 |\n| 燃气生产和供应业 | -0.3 | -0.1 | -0.8 |\n| 水的生产和供应业 | 0.6 | 1.7 | 1.1 |"
            ],
            "derivatives": []
          }
        ]
      },
      "summary": {
        "summary": "- 2025年7月，全国工业生产者出厂价格环比下降0.2%，购进价格环比下降0.3%，降幅较上月收窄。\n- 工业生产者出厂价格同比降幅为3.6%，购进价格同比降幅为4.5%，生产资料价格降幅大于生活资料。\n- 主要行业中，石油和天然气开采业、有色金属矿采选业价格同比上涨，煤炭开采业价格降幅显著。\n- 工业生产者购进价格中，燃料动力类、黑色金属材料类降幅较大，而有色金属材料及电线类价格上涨。\n- 建议关注能源与原材料价格走势，把握部分行业价格回升趋势，优化工业结构与成本控制。",
        "summary_dict": {
          "p1": "2025年7月，全国工业生产者出厂价格环比下降0.2%，购进价格环比下降0.3%，降幅较上月收窄。",
          "p2": "工业生产者出厂价格同比降幅为3.6%，购进价格同比降幅为4.5%，生产资料价格降幅大于生活资料。",
          "p3": "主要行业中，石油和天然气开采业、有色金属矿采选业价格同比上涨，煤炭开采业价格降幅显著。",
          "p4": "工业生产者购进价格中，燃料动力类、黑色金属材料类降幅较大，而有色金属材料及电线类价格上涨。",
          "p5": "建议关注能源与原材料价格走势，把握部分行业价格回升趋势，优化工业结构与成本控制。"
        }
      }
    }
  },
  "progress": {
    "percent": 0.0
  },
  "events": [],
  "request": {
    "task_id": "f23538ce-bdd9-4e72-93f9-b417c771cabf",
    "purpose": {
      "value": "content_reading"
    },
    "target_format": {
      "value": "markdown"
    },
    "enable_extract": false,
    "extract_config": null,
    "table_precision": {
      "value": 10
    },
    "enable_chunking": true,
    "chunking_strategy": {
      "value": "custom_delimiter_splitting_with_chunk_size_and_leave_table_alone"
    },
    "chunk_size": 1000,
    "chunk_overlap": 100,
    "chunking_config": {
      "custom_delimiter_config": {
        "delimiter": "\n\n"
      }
    },
    "enable_multi_file_summary": true,
    "summary_length": 300,
    "summary_focus": [
      "main_points",
      "key_findings",
      "recommendations"
    ],
    "summary_return_top_k": 5,
    "custom_parameters": {}
  },
  "errors": null
}