{
  "task_id": "55c8f115-9442-4f61-82a4-408db5bbf302",
  "status": "completed",
  "priority": 2,
  "created_at": "2025-08-18T17:03:50.105726",
  "updated_at": "2025-08-18T17:03:50.326618",
  "started_at": "2025-08-18T17:03:50.161777",
  "completed_at": "2025-08-18T17:03:50.326618",
  "files": [
    {
      "file_uuid": "0fe533c4-33cd-400d-81d7-03251ddbcad6",
      "original_filename": "2025年7月份工业生产者出厂价格环比降幅收窄.docx",
      "file_path": "uploads\\55c8f115-9442-4f61-82a4-408db5bbf302\\0fe533c4-33cd-400d-81d7-03251ddbcad6.docx",
      "file_size": 499259,
      "status": "success",
      "uploaded_at": "1755507830.2288241"
    }
  ],
  "file_count": 1,
  "successful_uploads": 1,
  "failed_uploads": 0,
  "total_size": 499259,
  "error_message": null,
  "metadata": {},
  "retry_count": 0,
  "max_retries": 3,
  "sections": {
    "upload_file_json": {},
    "process_json": {}
  },
  "result": {
    "url": null,
    "data": null
  },
  "progress": {
    "percent": 0.0
  },
  "events": []
}