{
  "task_id": "7cc65e8c-2d3a-4f49-a098-c74b85216950",
  "status": "completed",
  "priority": 2,
  "created_at": "2025-08-20T16:39:43.213151",
  "updated_at": "2025-08-20T16:39:43.254726",
  "started_at": "2025-08-20T16:39:43.225144",
  "completed_at": "2025-08-20T16:39:43.255236",
  "files": [
    {
      "file_uuid": "589abee7-361c-49b4-9064-3d1b0ad98118",
      "original_filename": "paxos-simple.pdf",
      "file_path": "uploads\\7cc65e8c-2d3a-4f49-a098-c74b85216950\\589abee7-361c-49b4-9064-3d1b0ad98118.pdf",
      "file_size": 99891,
      "status": "success",
      "uploaded_at": "1755679183.2377284"
    }
  ],
  "file_count": 1,
  "successful_uploads": 1,
  "failed_uploads": 0,
  "total_size": 99891,
  "error_message": null,
  "metadata": {},
  "retry_count": 0,
  "max_retries": 3,
  "sections": {
    "upload_file_json": {},
    "process_json": {}
  },
  "result": {
    "url": null,
    "data": null
  },
  "progress": {
    "percent": 0.0
  },
  "events": []
}