{
  "task_id": "0ee0386d-bc57-474c-9001-87c1fe94fce2",
  "status": "completed",
  "priority": 2,
  "created_at": "2025-08-18T14:38:59.997633",
  "updated_at": "2025-08-18T14:39:00.074190",
  "started_at": "2025-08-18T14:39:00.013625",
  "completed_at": "2025-08-18T14:39:00.074190",
  "files": [
    {
      "file_uuid": "359f1fbb-6d4a-4ebc-9441-87bf79d26676",
      "original_filename": "中华人民共和国反垄断法2022修正.pdf",
      "file_path": "uploads\\0ee0386d-bc57-474c-9001-87c1fe94fce2\\359f1fbb-6d4a-4ebc-9441-87bf79d26676.pdf",
      "file_size": 421452,
      "status": "success",
      "uploaded_at": "1755499140.0441732"
    }
  ],
  "file_count": 1,
  "successful_uploads": 1,
  "failed_uploads": 0,
  "total_size": 421452,
  "error_message": null,
  "metadata": {},
  "retry_count": 0,
  "max_retries": 3,
  "sections": {
    "upload_file_json": {},
    "process_json": {}
  },
  "result": {
    "url": null,
    "data": null
  },
  "progress": {
    "percent": 0.0
  },
  "events": []
}