{
  "task_id": "cfca7965-b07f-4293-a580-980b75a3d7b4",
  "status": "failed",
  "priority": 2,
  "created_at": "2025-08-15T15:41:26.719485",
  "updated_at": "2025-08-15T15:43:21.183274",
  "started_at": null,
  "completed_at": "2025-08-15T15:43:21.183274",
  "files": [
    {
      "file_uuid": "034bba01-c2c1-4c48-8015-571eef26a829",
      "original_filename": "2025年7月份工业生产者出厂价格环比降幅收窄.doc",
      "file_path": "uploads\\cfca7965-b07f-4293-a580-980b75a3d7b4\\034bba01-c2c1-4c48-8015-571eef26a829.doc",
      "file_size": 1234490,
      "status": "success",
      "uploaded_at": "1755243686.8075342"
    }
  ],
  "file_count": 1,
  "successful_uploads": 1,
  "failed_uploads": 0,
  "total_size": 1234490,
  "error_message": null,
  "metadata": {},
  "retry_count": 0,
  "max_retries": 3,
  "sections": {
    "upload_file_json": {},
    "process_json": {}
  },
  "result": {
    "url": null,
    "data": null
  },
  "progress": {
    "percent": 0.0
  },
  "events": [],
  "request": {
    "task_id": "cfca7965-b07f-4293-a580-980b75a3d7b4",
    "purpose": {
      "value": "content_reading"
    },
    "target_format": {
      "value": "markdown"
    },
    "enable_extract": false,
    "extract_config": null,
    "table_precision": {
      "value": 10
    },
    "enable_chunking": true,
    "chunking_strategy": {
      "value": "document_specific_splitting"
    },
    "chunk_size": 800,
    "chunk_overlap": 120,
    "chunking_config": {},
    "enable_multi_file_summary": true,
    "summary_length": 300,
    "summary_focus": [
      "main_points",
      "key_findings",
      "recommendations"
    ],
    "summary_return_top_k": 5,
    "custom_parameters": {}
  },
  "errors": {
    "message": "Unhandled error: Traceback (most recent call last):\n  File \"d:\\Dev\\file_read_system\\app\\core\\job_manager.py\", line 111, in start_job\n    new_path = fm.convert_if_needed()\n               ^^^^^^^^^^^^^^^^^^^^^^\n  File \"d:\\Dev\\file_read_system\\app\\core\\file_manager.py\", line 35, in convert_if_needed\n    return self.converter.run_convert(\"doc\", \"docx\")\n           ^^^^^^^^^^^^^^^^^^^^^^^^^^^^^^^^^^^^^^^^^\n  File \"d:\\Dev\\file_read_system\\app\\parsers\\converters\\file_convert.py\", line 35, in _wrap\n    return func(*args, **kwargs)\n           ^^^^^^^^^^^^^^^^^^^^^\n  File \"d:\\Dev\\file_read_system\\app\\parsers\\converters\\file_convert.py\", line 61, in run_convert\n    result, convert_result = self.doc_convert_to_docx()\n                             ^^^^^^^^^^^^^^^^^^^^^^^^^^\n  File \"d:\\Dev\\file_read_system\\app\\parsers\\converters\\file_convert.py\", line 35, in _wrap\n    return func(*args, **kwargs)\n           ^^^^^^^^^^^^^^^^^^^^^\n  File \"d:\\Dev\\file_read_system\\app\\parsers\\converters\\file_convert.py\", line 117, in doc_convert_to_docx\n    subprocess.run([\n  File \"D:\\Dev_env\\Python\\Python3.12.5\\Lib\\subprocess.py\", line 548, in run\n    with Popen(*popenargs, **kwargs) as process:\n         ^^^^^^^^^^^^^^^^^^^^^^^^^^^\n  File \"D:\\Dev_env\\Python\\Python3.12.5\\Lib\\subprocess.py\", line 1026, in __init__\n    self._execute_child(args, executable, preexec_fn, close_fds,\n  File \"D:\\Dev_env\\Python\\Python3.12.5\\Lib\\subprocess.py\", line 1538, in _execute_child\n    hp, ht, pid, tid = _winapi.CreateProcess(executable, args,\n                       ^^^^^^^^^^^^^^^^^^^^^^^^^^^^^^^^^^^^^^^\nFileNotFoundError: [WinError 2] 系统找不到指定的文件。\n"
  }
}