{
  "task_id": "547390a1-ae6b-49c7-aa87-10b9d615fe21",
  "status": "failed",
  "priority": 2,
  "created_at": "2025-08-28T16:50:09.076850",
  "updated_at": "2025-08-28T16:50:23.815238",
  "started_at": null,
  "completed_at": "2025-08-28T16:50:23.815238",
  "files": [
    {
      "file_uuid": "3e33812c-66f9-4a76-83d4-1f118e411b49",
      "original_filename": "3ae8d8f0-d34d-417a-a27e-32e635ef7c89.ofd",
      "file_path": "uploads\\547390a1-ae6b-49c7-aa87-10b9d615fe21\\3e33812c-66f9-4a76-83d4-1f118e411b49.ofd",
      "file_size": 237762,
      "status": "success",
      "uploaded_at": "1756371009.274955"
    }
  ],
  "file_count": 1,
  "successful_uploads": 1,
  "failed_uploads": 0,
  "total_size": 237762,
  "error_message": null,
  "metadata": {},
  "retry_count": 0,
  "max_retries": 3,
  "sections": {
    "upload_file_json": {},
    "process_json": {}
  },
  "result": {
    "url": null,
    "data": null
  },
  "progress": {
    "percent": 0.0
  },
  "events": [],
  "request": {
    "task_id": "547390a1-ae6b-49c7-aa87-10b9d615fe21",
    "purpose": {
      "value": "content_reading"
    },
    "target_format": {
      "value": "markdown"
    },
    "enable_extract": false,
    "extract_config": null,
    "enable_ocr": true,
    "ocr_mode": {
      "value": "prompt_ocr"
    },
    "table_precision": {
      "value": 10
    },
    "enable_chunking": true,
    "chunking_strategy": {
      "value": "semantic_splitting"
    },
    "chunk_size": 100,
    "chunk_overlap": 20,
    "chunking_config": {
      "semantic_splitting_config": {
        "similarity_threshold": 0.2,
        "buffer_size": 1
      }
    },
    "enable_multi_file_summary": false,
    "summary_length": 500,
    "summary_focus": [
      "main_points",
      "key_findings",
      "recommendations"
    ],
    "summary_return_top_k": null,
    "custom_parameters": {}
  },
  "errors": {
    "message": "Unhandled error: Traceback (most recent call last):\n  File \"d:\\Dev\\file_read_system\\app\\core\\job_manager.py\", line 111, in start_job\n    new_path = fm.convert_if_needed()\n               ^^^^^^^^^^^^^^^^^^^^^^\n  File \"d:\\Dev\\file_read_system\\app\\utils\\log_utils.py\", line 96, in _sync_wrapped\n    result = func(*args, **kwargs)\n             ^^^^^^^^^^^^^^^^^^^^^\n  File \"d:\\Dev\\file_read_system\\app\\core\\file_manager.py\", line 36, in convert_if_needed\n    return self.converter.run_convert(\"ofd\", \"pdf\")\n           ^^^^^^^^^^^^^^^^^^^^^^^^^^^^^^^^^^^^^^^^\n  File \"d:\\Dev\\file_read_system\\app\\parsers\\converters\\file_convert.py\", line 35, in _wrap\n    return func(*args, **kwargs)\n           ^^^^^^^^^^^^^^^^^^^^^\n  File \"d:\\Dev\\file_read_system\\app\\parsers\\converters\\file_convert.py\", line 75, in run_convert\n    raise ValueError(\"转换失败\")\nValueError: 转换失败\n"
  }
}