{
  "task_id": "62abc0f1-f169-44d1-ae1c-4ea71c728c68",
  "status": "completed",
  "priority": 3,
  "created_at": "2025-08-21T13:20:25.171123",
  "updated_at": "2025-08-21T14:06:59.922091",
  "started_at": null,
  "completed_at": "2025-08-21T14:06:59.922091",
  "files": [
    {
      "file_uuid": "b9ac6641-051d-419c-9e3f-e1e52e39c216",
      "original_filename": "text_b9ac6641-051d-419c-9e3f-e1e52e39c216.md",
      "file_path": "uploads\\62abc0f1-f169-44d1-ae1c-4ea71c728c68\\b9ac6641-051d-419c-9e3f-e1e52e39c216.md",
      "file_size": 66,
      "status": "success",
      "uploaded_at": "1755753625.2026255"
    }
  ],
  "file_count": 1,
  "successful_uploads": 1,
  "failed_uploads": 0,
  "total_size": 66,
  "error_message": null,
  "metadata": {},
  "retry_count": 0,
  "max_retries": 3,
  "sections": {
    "upload_file_json": {},
    "process_json": {
      "read_files": 1,
      "chunks_meta": {
        "merged_count": 1,
        "per_file": [
          {
            "file_path": "uploads\\62abc0f1-f169-44d1-ae1c-4ea71c728c68\\b9ac6641-051d-419c-9e3f-e1e52e39c216.md",
            "count": 1
          }
        ]
      },
      "result": {
        "url": null,
        "data": {
          "text": "# 标题\n这是一个 Markdown 文档\n- 列表项1\n- 列表项2",
          "chunking": {
            "chunks": [
              "# 标题\n这是一个 Markdown 文档\n- 列表项1\n- 列表项2"
            ],
            "derivatives": [],
            "per_file": [
              {
                "file_path": "uploads\\62abc0f1-f169-44d1-ae1c-4ea71c728c68\\b9ac6641-051d-419c-9e3f-e1e52e39c216.md",
                "count": 1,
                "chunks": [
                  "# 标题\n这是一个 Markdown 文档\n- 列表项1\n- 列表项2"
                ],
                "derivatives": []
              }
            ]
          }
        }
      }
    }
  },
  "result": {
    "url": null,
    "data": {
      "text": "# 标题\n这是一个 Markdown 文档\n- 列表项1\n- 列表项2",
      "chunking": {
        "chunks": [
          "# 标题\n这是一个 Markdown 文档\n- 列表项1\n- 列表项2"
        ],
        "derivatives": [],
        "per_file": [
          {
            "file_path": "uploads\\62abc0f1-f169-44d1-ae1c-4ea71c728c68\\b9ac6641-051d-419c-9e3f-e1e52e39c216.md",
            "count": 1,
            "chunks": [
              "# 标题\n这是一个 Markdown 文档\n- 列表项1\n- 列表项2"
            ],
            "derivatives": []
          }
        ]
      }
    }
  },
  "progress": {
    "percent": 0.0
  },
  "events": [],
  "request": {
    "task_id": "62abc0f1-f169-44d1-ae1c-4ea71c728c68",
    "purpose": {
      "value": "content_reading"
    },
    "target_format": {
      "value": "markdown"
    },
    "enable_extract": false,
    "extract_config": null,
    "enable_ocr": true,
    "ocr_mode": {
      "value": "prompt_ocr"
    },
    "table_precision": {
      "value": 10
    },
    "enable_chunking": true,
    "chunking_strategy": {
      "value": "semantic_splitting"
    },
    "chunk_size": 800,
    "chunk_overlap": 120,
    "chunking_config": {
      "semantic_splitting_config": {
        "similarity_threshold": 0.3,
        "buffer_size": 1
      }
    },
    "enable_multi_file_summary": false,
    "summary_length": 500,
    "summary_focus": [
      "main_points",
      "key_findings",
      "recommendations"
    ],
    "summary_return_top_k": null,
    "custom_parameters": {}
  },
  "errors": null
}