{
  "task_id": "cb8d8695-8a61-4454-82c2-050162888ad7",
  "status": "active",
  "priority": 2,
  "created_at": "2025-09-01T10:14:36.119179",
  "updated_at": "2025-09-01T10:39:03.160915",
  "started_at": null,
  "completed_at": null,
  "files": [
    {
      "file_uuid": "2c97037d-4963-4f94-8334-a030789d1d15",
      "original_filename": "paxos-simple.pdf",
      "file_path": "uploads\\cb8d8695-8a61-4454-82c2-050162888ad7\\2c97037d-4963-4f94-8334-a030789d1d15.pdf",
      "file_size": 99891,
      "status": "success",
      "uploaded_at": "1756692876.1741772"
    }
  ],
  "file_count": 1,
  "successful_uploads": 1,
  "failed_uploads": 0,
  "total_size": 99891,
  "error_message": null,
  "metadata": {},
  "retry_count": 0,
  "max_retries": 3,
  "sections": {
    "upload_file_json": {},
    "process_json": {}
  },
  "result": {
    "url": null,
    "data": null
  },
  "progress": {
    "percent": 0.0
  },
  "events": [],
  "request": {
    "task_id": "cb8d8695-8a61-4454-82c2-050162888ad7",
    "purpose": {
      "value": "content_reading"
    },
    "target_format": {
      "value": "markdown"
    },
    "enable_extract": false,
    "extract_config": null,
    "enable_ocr": true,
    "ocr_mode": {
      "value": "prompt_ocr"
    },
    "table_precision": {
      "value": 10
    },
    "enable_chunking": true,
    "chunking_strategy": {
      "value": "semantic_splitting"
    },
    "chunk_size": 100,
    "chunk_overlap": 20,
    "chunking_config": {
      "semantic_splitting_config": {
        "similarity_threshold": 0.2,
        "buffer_size": 1
      }
    },
    "enable_multi_file_summary": false,
    "summary_length": 500,
    "summary_focus": [
      "main_points",
      "key_findings",
      "recommendations"
    ],
    "summary_return_top_k": null,
    "custom_parameters": {}
  },
  "errors": null
}