{
  "task_id": "d80fafb4-d063-4fd5-b037-a612a778ea40",
  "status": "completed",
  "priority": 2,
  "created_at": "2025-08-22T09:59:09.674533",
  "updated_at": "2025-08-22T09:59:09.742669",
  "started_at": "2025-08-22T09:59:09.695549",
  "completed_at": "2025-08-22T09:59:09.742669",
  "files": [
    {
      "file_uuid": "9332c375-3992-4361-908b-f20b63351d1d",
      "original_filename": "paxos-simple.pdf",
      "file_path": "uploads\\d80fafb4-d063-4fd5-b037-a612a778ea40\\9332c375-3992-4361-908b-f20b63351d1d.pdf",
      "file_size": 99891,
      "status": "success",
      "uploaded_at": "1755827949.7150807"
    }
  ],
  "file_count": 1,
  "successful_uploads": 1,
  "failed_uploads": 0,
  "total_size": 99891,
  "error_message": null,
  "metadata": {},
  "retry_count": 0,
  "max_retries": 3,
  "sections": {
    "upload_file_json": {},
    "process_json": {}
  },
  "result": {
    "url": null,
    "data": null
  },
  "progress": {
    "percent": 0.0
  },
  "events": []
}